﻿e,e,e,e,e,e,e,e,e,e,e,e,e,e,e,e,e,e,e,e,e,e,e,e,e,e,e,e,e,e,e,e,e,e,e,e,e,e
e,e,e,e,e,e,e,e,e,e,e,e,e,e,e,e,e,e,e,e,e,e,e,e,e,e,e,e,e,e,e,e,e,e,e,e,e,e
e,e,e,e,e,e,e,e,e,e,e,e,e,e,e,e,e,e,e,e,e,e,e,e,l1,m,r1,e,e,e,e,e,e,e,e,e,e,e
e,l1,m,r1,e,e,e,e,e,e,e,gr,e,e,e,e,e,e,e,e,e,l1,m,r1,l1b,mb,r1b,e,e,e,e,e,e,e,e,e,e,e
e,l1b,mb,r1b,le,gr,gr,gr,gr,gr,gr,gr,gr,gr,gr,gr,gr,gr,gr,gr,re,l1b,mb,r1b,e,e,e,e,le,gr,gr,gr,gr,gr,gr,gr,gr,gr
e,e,e,e,e,e,e,e,e,e,e,e,e,e,e,e,e,e,e,e,e,e,e,e,e,e,e,e,e,e,e,e,e,e,e,e,e,e
